img_exc_genalguacil_240613_20200110_gabrielogbonna.jpg,Gabriel Ogbonna,2024,burngreave
img_exc_genalguacil_240614_120413_gabrielogbonna.jpg,Gabriel Ogbonna,2024,burngreave
img_exc_genalguacil_240614_120609_gabrielogbonna.jpg,Gabriel Ogbonna,2024,burngreave
img_exc_genalguacil_240614_120638_gabrielogbonna.jpg,Gabriel Ogbonna,2024,burngreave
img_exc_genalguacil_240614_124701_gabrielogbonna.jpg,Gabriel Ogbonna,2024,burngreave
img_exc_genalguacil_240614_132550_gabrielogbonna.jpg,Gabriel Ogbonna,2024,burngreave
img_exc_genalguacil_240614_133603_gabrielogbonna.jpg,Gabriel Ogbonna,2024,dfor500
img_exc_genalguacil_240614_133607_gabrielogbonna.jpg,Gabriel Ogbonna,2024,dfor500
img_exc_genalguacil_240614_134416_gabrielogbonna.jpg,Gabriel Ogbonna,2024,dfor500
img_exc_genalguacil_240614_141506_gabrielogbonna.jpg,Gabriel Ogbonna,2024,dfor500
img_exc_genalguacil_240614_141521_gabrielogbonna.jpg,Gabriel Ogbonna,2024,dfor500
img_exc_genalguacil_240614_141657_gabrielogbonna.jpg,Gabriel Ogbonna,2024,dfor500
img_exc_genalguacil_240614_143131_gabrielogbonna.jpg,Gabriel Ogbonna,2024,dfor500
img_exc_genalguacil_240614_145343_gabrielogbonna.jpg,Gabriel Ogbonna,2024,dfor500
img_exc_genalguacil_240614_150320_gabrielogbonna.jpg,Gabriel Ogbonna,2024,dfor500
img_exc_genalguacil_240614_150500_gabrielogbonna.jpg,Gabriel Ogbonna,2024,popvulcano
img_exc_genalguacil_240614_184347_gabrielogbonna.jpg,Gabriel Ogbonna,2024,popvulcano
img_exc_genalguacil_240614_184400_gabrielogbonna.jpg,Gabriel Ogbonna,2024,popvulcano
img_exc_genalguacil_240614_14111608_patriciosota.jpg,Patricio Sota,2024,popvulcano
img_exc_genalguacil_240614_15062885_patriciosota.jpg,Patricio Sota,2024,popvulcano
img_exc_genalguacil_240614_16091159_patriciosota.jpg,Patricio Sota,2024,popvulcano
img_exc_genalguacil_240614_17525961_patriciosota.jpg,Patricio Sota,2024,popvulcano
img_exc_genalguacil_240614_17530437_patriciosota.jpg,Patricio Sota,2024,soseth
img_exc_genalguacil_240614_20405785_nickulrich.jpg,Nick Ulrich,2024,soseth
img_exc_genalguacil_240614_20561820_gabrielogbonna.jpg,Gabriel Ogbonna,2024,soseth
img_exc_genalguacil_240614_20563065_gabrielogbonna.jpg,Gabriel Ogbonna,2024,soseth
img_exc_genalguacil_240614_21355540_nickulrich.jpg,Nick Ulrich,2024,soseth
img_exc_genalguacil_240614_23441920_patriciosota.jpg,Patricio Sota,2024,soseth
img_exc_genalguacil_240614_23442938_patriciosota.jpg,Patricio Sota,2024,soseth
img_exc_genalguacil_240614_23445180_patriciosota.jpg,Patricio Sota,2024,soseth
img_exc_genalguacil_240614_23564642_gabrielogbonna.jpg,Gabriel Ogbonna,2024,soseth
img_exc_genalguacil_240615_200227_gabrielogbonna.jpg,Gabriel Ogbonna,2024,soseth
img_exc_genalguacil_240615_200249_gabrielogbonna.jpg,Gabriel Ogbonna,2024,soseth
img_exc_genalguacil_240615_200731_gabrielogbonna.jpg,Gabriel Ogbonna,2024,soseth
img_exc_genalguacil_240615_202719_gabrielogbonna.jpg,Gabriel Ogbonna,2024,
img_exc_genalguacil_240615_203545_gabrielogbonna.jpg,Gabriel Ogbonna,2024,
img_exc_genalguacil_240615_204920_gabrielogbonna.jpg,Gabriel Ogbonna,2024,
img_exc_genalguacil_240615_204929_gabrielogbonna.jpg,Gabriel Ogbonna,2024,
img_exc_genalguacil_240615_205312_gabrielogbonna.jpg,Gabriel Ogbonna,2024,
img_exc_genalguacil_240615_215118_gabrielogbonna.jpg,Gabriel Ogbonna,2024,
img_exc_genalguacil_240615_222625_gabrielogbonna.jpg,Gabriel Ogbonna,2024,
img_exc_genalguacil_240615_224458_gabrielogbonna.jpg,Gabriel Ogbonna,2024,
img_exc_genalguacil_240615_224511_gabrielogbonna.jpg,Gabriel Ogbonna,2024,
img_exc_genalguacil_240615_00234264_gabrielogbonna.jpg,Gabriel Ogbonna,2024,
img_exc_genalguacil_240615_01370639_patriciosota.jpg,Patricio Sota,2024,
img_exc_genalguacil_240615_18213583_nickulrich.jpg,Nick Ulrich,2024,
img_exc_genalguacil_240615_18220012_gabrielogbonna.jpg,Gabriel Ogbonna,2024,
img_exc_genalguacil_240615_19005737_patriciosota.jpg,Patricio Sota,2024,
img_exc_genalguacil_240615_19210325_patriciosota.jpg,Patricio Sota,2024,
img_exc_genalguacil_240615_21355001_nickulrich.jpg,Nick Ulrich,2024,
img_exc_genalguacil_240616_174051_gabrielogbonna.jpg,Gabriel Ogbonna,2024,
img_exc_genalguacil_240616_13375899_nickulrich.jpg,Nick Ulrich,2024,
img_exc_genalguacil_240616_13411933_nickulrich.jpg,Nick Ulrich,2024,
img_exc_genalguacil_240616_16240797_gabrielogbonna.jpg,Gabriel Ogbonna,2024,
img_exc_genalguacil_240616_16270652_gabrielogbonna.jpg,Gabriel Ogbonna,2024,
img_exc_genalguacil_240616_20232965_gabrielogbonna.jpg,Gabriel Ogbonna,2024,
img_exc_genalguacil_240616_22222591_patriciosota.jpg,Patricio Sota,2024,
img_exc_genalguacil_240616_22402398_patriciosota.jpg,Patricio Sota,2024,
img_exc_genalguacil_240616_22502134_patriciosota.jpg,Patricio Sota,2024,
img_exc_genalguacil_240617_08342178_gabrielogbonna.jpg,Gabriel Ogbonna,2024,
img_exc_genalguacil_240617_11313528_nickulrich.jpg,Nick Ulrich,2024,
img_exc_genalguacil_240617_13392648_nickulrich.jpg,Nick Ulrich,2024,